lambda_1,lambda_2,kaplan_yorke_dimension
0.42018044254210823,-1.6241532468680389,1.2587073869737169
